66,172,144,128,162,27,78,205,65,193,101,77,184,80,140,35,17,227,89,202,41,24
24,35,106,57,170,167,157,72,236,12,121,231,7,229,82,240,193,178,75,28,207,58,142,210,145,62,101,232,144,185,77,114,3,160,194,182,205
193,26,140,15,158,149,4,103,29,58,114,46,133,27,146,210,78,89,169,60,119,3,80,128,91,232,82,229,177,233,178,207,75,249,12,93,19,65,113,106,154,234,84,66,17,200,92,62,77,186,231,22,45,61,35,185,90,167,160,201,144,101,236,145,162,136,41,157,28,205,240,170,57,172,202,161,171,52,10,245,72,212,164,214,51,199,79,182,246,121,250,7,142
46,212,227,202,27,207,35,231,232,186,84,167,162,45
51,227,24,82,234,146,212,17,119,29,7,92,60,19,26,154,66,90,22,231,75,167,80,145,202,162,136,149,193,113,57,161,240,229,52,205,128,144,250,114,245,84,246,178,4,91,172,160,61,103,142,101,12,184,169,93,78,65,214,171,232,170,28,199,140,10,89,77,62,210,233,41,186,121,207,46,133,27,249,194,195,236
145,202,90,142,128,157,4,10,80,77,231,93,170,91,227,79,101,234,66,46,144,140,178,22,207,58,184,186,133,19,82,149,121,236,246,161,160,27,212,89,205,232,199,51,84,167,106,240,169,72,250,193,146,29,62,113,15
65,160,202,144,75,214,170,7,10,140,240,245,231,210,80,167,145,45,35,199,119,17,61,195,133,250,177,78,3,157,234,84,103,158,62,79,142,28,51,233,113,77,29,19,52,57,12,146,114,136,101,130,185,92,60,182,27,91,169,72,232,172,171,4,178,161,82,93,193,184,227,149,173,66,26,212,22,207,15,236,46,90,201,162,106,164,121,249
101,145,160,173,24,233,65,177,46,162,130,45,234,249,61,142,4,103,231,12,92,167,79,201,200,214,77,171,207,246,158,114,119,170,41,82,232,172,7,84,164,52,194,178,113,91,121,26,22,193,3,19,106,60,140
128,19,57,92,164
205,212,66,60,202,173,24,199,157,28,185,65,210,186,234,182,193,84,236,103,79,149,160,146,145,52,4,170,62,27,133,7
136,149,12,201,66,35,199,114,19,177,93,80,178,90,82,91,89,103,205,249,62,10,185,113,46,142,184,173,121,119,51,232,207,212,231,169,227,245,15,92,130,77,250,233,57,41,193,161
171,62,101,90,158,186,52,229,193,57,114,119,80,128,177,144,194,15,178,82,170,250,4,161,3,92,133,140,106,167,103,227,26,65,201,202,245,160,249,121,35,246,78,199,29,51
149,17,227,133,154,101,51,79,185,28,207,162,10,26,145,66,140,119,4,177,144,158,233,173,77,72,45
212,202,80,46,26,24,177,149,121,17,72,145,82,201,106,10,51,186
78,227,195,173,80,232,205,212,246,162,114,3,17,142,194,184,7,92,22,199,101,167,158,10,12,89,27,60,171,15,130,103,19,26,51,41,93,145,178,201,29,62,154,133,82
66,17,200,232,114,51,162,7,185,136,212,12,45,113,194,72,214,144,4,227,170,160,91,24,79,62,184,3,173,15,193,77,171,106,84,27,58,10,201,57,202,75,41,46,177,199,146,121,158,19,140,133,169,240,172,22,167,128,246,229,186,82,35,103,60,157,245,119
200,78,172,234,210,130,149,146,4,62,199,128,227,29,45,171,184,142,162,121,202,158,52,164,186,17,61,79,82,136,161
232,240,130,205,78,89,119,245,114,236,136,90,45,22,250,27,182,140,62,93,171,202,149,157,75,61,194,133,214,66,173,103,146,121,72,154,7,106,4,234,80,10,41,28,19,185,184,26,46,84,128,167,145,227,177,12,3,57,24,144,199,162,161,60,29,51,15,65,195,17,77,91,35,79,229,178,82,231,58,142,169,92,200,160,113,158,52,246,212,172,249,170,193,233,201
210,136,207,231,234,84,24,157,170,133,61,227,205,91,250,142,66,15,232,35,178,17,162,193,140,212,146,12,113,161,89,186,130,3,28,58,93,121,249,149,229,184,75,22,128,200,195,236,160,41,119,77,199,194,144,240,46,145,19,169,202,245,60,106,103,246,114,27,52,182,233,57,154,29,79,158,173,72,45,172,78,214,101,62,201,80,7,171,51
82,185,232,186,249,130,160,60,52,182,246,106,140,93,119,46,15,78,114,250,177,227,7,80,45,136,26,84,3,214,77,236,167,161
178,128,227,250,12,232,58,51,144,193,26,146,201,145,92,89,246,17,27,194,231,46,15,202,4,90,35,177,157,60,240,195,245,142
146,26,66,28,167,194,41,19,214,184,136,93,24,164,234,178,227,51,121,186,246,7,103,185,202,162,182,22,133,61,46,27,161,62,210,171,65,3,60,145,77
185,145,61,194,84,79,172,212,28,128,41,26,72,24,162,236,75,250,58,91,233,57,184,207
12,157,121,140,77,26,136,170,46,22,78,61,227,130,194,249,234,205,246,200,10,62,154,91,133,171,169,195,79,158,113,66,51
246,114,249,194,130,60,57,90,35,72,160,4,245,89,92,205,236,27,227,144,136,169,79,101,167,103,149,201,80,65,128,113,200,210,82,29,145,170,75,93,46,121,231,10,232,146,161,162,12,233,119,193,45,185,172,178,234,3,61,62,212,157,77,207,154
80,194,201,210,185,22,27,60,157,15,145,158,234,65,78,184,75,149,84,142,106,193,178,160,182,200,12,205,66,17,245,121,89,90,233,10,229,195,164,24,28,61,167,161,19,236,7,72,136,146,51,26,114,202,41
207,178,164,145,157,26,106,184,41,133,210,60,128,167,92,195,29,199,212,84,15,27,45,142,246,77,3,91,17,136,89,140,236,249,114,46,101,7,65,113,19,250,214,194,169,229,201,232,205,82,149,78,80,119,4,171,162,200,240,170,121,172,193,57,182
186,10,162,12,227,172,161,234,154,128,121,249,164,62,157,82,65,72,19,200,89,57,136,167,145,7,231,29,158,233,250,28,119,66
205,200,45,193,240,133,145,121,27,194,164,158,77,162,58,72,160,172,113,114,214,195,202,184,10,12,212,128,161,51,26,19,3,78,233,119,22,210,84,144,103,46,246,57,185,201,80,89,140,75,101,66,92,52,232,157,149,91,227,7,173,61,82,231,171,62,130,229,35,29,178,4,207,177,169,186,93,167,65,28,79,90,250,17,24,60,245,136,236,154,182,249,142,106,234,15,146
249,158,145,52,114,130,119,234,146,207
214,184,24,57,41,232,205,91,186,45,195,171,236,35,62,133,128,161,72,229,207,22,182,233,17,52,202,113,12,178,170,89,142,210,15,80,114,90,177,249,65,26,10,130,82,136,200,199,93,144,101,240,75,245,173,60,92,212,157,185,201,121,58,119,4,164,231,79,172,162,3,29,246,84,167,227,106,19,145,77,146,27,28,154,250
140,58,35,77,90,52,103,171,212,41,173,177,28,60,113,145,78,15,136,24,3,182,46,233,164,240,178,167,162,92,210,250,66,119,12,154,10,142
93,41,35,27,214,157,160,72,80,227,26,249,57,182,19,91,210,28,194,61,245,171,184,92,3,185,10,236,58,172,106,113,186,177,128,114
15,157,201,172,212,121,65,161,29,154,210,233,232,77,61,119,89,194,136,72,240,103,199,184,229,130,92,58,17,214,177,24,106,27,173,140,90,26,52,4
60,177,212,103,58,10,201,52,93,128,178,199,161,62,200,250,133,51,182,15,35,41,231,72,145,194,207,113,7,65,19,3,17,91,227,142,77,202,101,232,24,61,160,79,130,229,240,4,234,29,249,27,66,46,140,121,171,45,170,136,26,78,75,157,167,214,205,12,22,185,162,82,28,158,89,144,236,146,186,154,119,233,169,84,106,114,184,245,80,193,149,173,92,246,164,195,57
157,128,77,170,154,245,4,78,12,15,61,62,114,146,121,26,35,133,80,195,10,46,92,84,162,202,93,119,236,172,3,58,17,177,207,205,75,184,145,90,65,28,193,167,200,29,113,57,72,52,158,231,182,45,171,227,106,27,24,160,232,234,161,140,178,169,82,233,136,142,212,173,41,210,164,19,89,51,7,130,60,199,229,240,22,194,66,214,185,91
89,78,35,210,145,200,79,173,172,212,207,114,17,178,199,161,130,169,66,162,236,29,142,77,58,157,195,214,193,250,92,167,186,19,80,12,52
58,61,229,185,214,195,200,177,121,212,57,171,173,35,90,249,227,22,46,3,245,161,72,142
178,162,66,82,160,201,231,72,29,26,78,233,240,194,234,10,207,249,236,246,214,161,61,227,7,103,232,200,75,146,77,184,177,157,119,24,136,28,171,27,106,170,19,158,4,80,193,154,133,169,3,210,12,186,145,185,57,41,182,51,91,60,92,130,121,164,128,46,58,205,173,250,140,89,79,142,101,172,113,65,15,35,62,45,17,90,195,245,114,212,144,22,229
10
90,121,246,17,193,60,146,93,119,130,58,154,212,202,170,61,167,233,15
93,160,4,214,170,178,231,207,7,27,91,82,15,24,130,58,210,177,146,157,75,66,182,65,199,158,154,202,28,161,212,41,60,22,185,133,121,61,233,90,79,145,29,35,78,236,194,62,250,106,186,173,52,26
26,144,41,227,201
82,17,170,240,27,19,78,193,90,250,227,157,121,146,57,231,41,144,232,136,12,149,130,178,58,106,61,80,234,229,167,246,186,145,60,154,236,172,91,160,79,210,72,45,52,184,161,202,51,77,92,205,3,171,207,89,142,7,214,75,173,199,10,133,113,185,103,65,158,84,140,26,169,29,28,24,164,15,195,62,162,101,93,200,212,245
250,62,17,91,52,200,236,7
160,91,119,245,82,92,103,29,157,146,136,142,184,62,80,52,162,133,84,19,26,210,121,240,90,27,61,202,205,232,3,75,144,231,195,46,114,169,172,167,113,234,154,149,45,128,177,12,170,201,93,250,17,101,10,212,214,35,158,164,161,194,178,51,200,65,7,89,246,78,186,24
3,46,233,121,35,162,27,41,193,113,22,4,186,172,210,158,52,201,136,77,130,195,28,26,78,119,232,234,199,144,194,236,145,171,246,157,65,72,161,154,249,149,182,114,51
136,51,245,92,60,149,61,79,142,140,236,65,229,133,186,114,90,154,84,78,113,200,101,57,106,240,158,46,233,66,72,26,17,4,89,249,10,52,167,210,178,169,15,173,250,157,128,160,172,182,207,146,22
201,93,119,45,90,164,66,82,28,80,158,232,77,4,46,236,12,210,169,84,101,195,154,194,171,144,89,212,233,61,140,172,185,3,146,207,202,200,133,65,177,113,62,178,246,161,29,72,136,249,57,162,250,78,121,92,130,170,173,234,41,227,142,24,240,58,128,17,10,7,199,145,75,182,103,26,184,193,157,51,167,22
113,149,178,26,72,158,65,167,101,193,145,45,75,114,154,12,157,162,201,4,169,52,245,160,60,17,57,210,58,229,186,246,62,177,7,22,185
233,245,199,84,19,214,193,24,90,119,145,195,154,157,62,60,92,240,210,22,169,144,75,130,128,250,10,246,201,173,78,234,3,91,114,35,161,4,171,142,79,58,121,162,186,106,194,182,46,133,212,170,205,160,172,200,51,231,178,184,113,202,77,12,93,65,146,177,249,17,61,15,185,45,82,80,101,136,236,227,29,26,140,27,149,72,164,7,232,229,66,89,207,41,158,28,52,167
4,250
186,233,89,114,194,19,92,52,146,158,234,65,84,205,210,15,28,171,229,227,133,232,119,4,45,22,195,57,245,212,75,164
91,82,7,167,24,77,170,178,142,103,229,207,65,173,149,60,101,12,114,205,121,162,212,106,182,66,177,140,158,46,200,79,28,249,57,119,58,227,146,145,78,186
172,146,60,177,173,57,82,245,200,10,128,250,195,29,89,66,4,15,75,72,142,186,19,164,3,45,167,106,193,80,103,212,182,140,84,154,207,171,46,12,78,149,145,229,170,162,136,93,133,113,246,130,24,28,201,158,240,205,62,161,232,184,185,101,61,27,202,236,22,52,119,17,234,178,194,157,121,41,91,92,231,199,7,90,79,210,249,51,144,58,160,169,214,227,77,35,233
193,167,114,133,7,41,185,121,60,249,19,236,173,72,51,158,103,4,17,233,234,182,65,170,227,144,172,80,195,146,164,250,78,24,178,128,79,145,140,194,200,52,57,89,119,169,202,207,22,106,177,157,101,161,92,162,130,154,91
57,136,3,145,250,66,202,84,184,29,45,72,106,157,51,227,52
57,41,158,92,27,3,75,170,194,195,24,250,22,60,77,51,157,193,212,91,142,245,10,45,79,232,199,19,28,128,177,231,234,186,89,205,82,29,15,93,160,169,46,201,4,66,173,52,90,184,136,145,72,7,227,161,162,210,65,103,119,246,114,17,167,214,80,172,202,233,200,61,229,185,249,62,113,182,58,236,240
101,231,154,171,233,205,77,57,249,133,178,80,158,161,232,3,182,136,92,65,236,106,89,113,58,146,145,103,173,114,227,35,17,19,169,193,194,45,93,12,82,172,229,250,245,24,142,186,160,170,27,72,10,167,157,75,128,195,61,212,60,185,84,207,130,144,162,201,78,15,51,66,246,52,119,214,199,121,210,200,46,240,149,164,91
250,236,169,160,162,171,27,173,186,35,62,106,200,80,51,84,170,246,4,101,195,92,78,178,24,121,172,12,26,249,231,185,202,52,201,77,91,205,130,45,182,212,146,232,136,145,233,119,144,15,210,57,214,240,154,164,149,61,41
245,186,164,7
200,199,106,171,193,114,61,113,160,4,157,172,90,232,65,19,149,249,119,35,66,103,27,212,194,45,214,3,178,205,17,77,162,136,52,227,207,72,92,121,133,28,202,75,158,234,170,79,140,195,58,10,201,169,161,236,145,250,22,130,246,177,24,101,57,80,146,29,93,142,154,15,46,167,82,62,186,51,182,164,26
170,200,61,195,41,46,172,91,65,161,250,201,114,52,194,212,75,45
17,15,200,240,45,177,4,90,193,246,142,227,93,101,149,231,82,92,10,234,77,140,51,58,130,245,249,214,75,145,162,106,27,128,24,57,113,146,72,62,167,170,210,157,202,144,119,26,184,28,201,60,78,229,171,199,66,3,79,46,195,19,169,7,172,161,29,41,114,103,178,205,80,207,160,164,136,12,154,233,91,250,121,173,61,158
19,78,194,140,193,3,229,169,62,161,207,66,162,35,199,212,136,77,173,164,58,121,171,4,15,200,103,27,195,7,92,93,145,210,10,178,184,84,52,172,202,167,154,89,185,57,106,12,119,133,245,240,246,79,170,130,160,26,250,158,144,46,80,60
173,133,82,119,10,245,89,146,103,240,210,167,160,169,233,3,158,149,171,130,199,201,45,232,194,52,200,29,172,249,57,91,62,17,202,106,61,65,145,79,58,90,93,72,229,35,236,161,77,92,114,136
91,61,3,80,250,17,84,66,161,227,182,75,60,207,194,236,186,103,171,46,162,199,178,62,169,193,35,246,140,145,52,201,93,157,195,214,245,231,27,232,57,28,92,146,78,77,89,229,10,79,185,119,128,212,22,113,144,234,90,45,149,41,130,160,249,101,167,205,200,172,15,121,202,154,82,114,58,233,133,12,177,29,173,158,72,142,4,170,19,210,164,184,240,106,65,136,24
250,93,128,185,4,144,240,22,133,114,231
72,91,22,26,171,10,84,103,144,232,177,212,170,28,227,200,90,194,140,130,214,77,4,113,27,19,142,229,121,3,133,245,66,65,15,24,93,182,236,136,201,185,35,157,199,158,160,164,52,193,249,29,161,154,149,207,240,101,46,41,205,57,128,79,12,202,58,75,51,167,169,233,184,62,7,195,119,246,172,61,17,106,80,234,186,92,210,145,45,89,114,146,82,173,162
194,103,207,169,62,79,15,28,89,101,12,250,17,75,45,22,186,119,234,161,140,193,177,178,149,46,214,210,160,136,27,84,65,91,171,202,157,233,72,133,3,61,35,164,82,58,41,60,24,146,249,92,10,26,162,77,51,121,184,128,227,113,236,158,106,93,172,80,229,199,142,240,200,185,195,29,182,19,52,66,232,57,245,7,201,4,246,90,173,145
82,210,24,80,200,119,7,250,205,229,246,164,22,46
12
236,170,26,229,24,52,144,114,194,7,173,171,136,22,162,27,62,15,210,4,10,66,28,61,212,240,77,157,167,249,231,193,182,214,169,186,17,113,158,92,140,245,201,184,161,195,90,19,89,160,41,202,57,60,65,93,45,103,3,58,177,128,121,82,205,142,246,91,172,78,12,146,233,200,84,72,227,119,164,145,154,80,35,75,130,199,46,149,29,133
29,66,172,212,214,207,82,10,186,28,4,90,157,173,193,41,114,234,46
205,45,232,200,157,52,12,233,78,182,133,234,51,158,201,186,199,236,10,92,91,57,65,89,7,77,142,15,210,146,171,214,75,61,27,194,173,79,82,136,26,160,185,84,62,66,178,231,19,101,60,119,90,250,154,229,161,245,114,3,58,184,195,177,28,106,193,72,41,212,29,121,93,130,113,35,164,144,103,149,240,202,24
240,169,60,178,158,201,164,202,144,17,106,232,194,142,101,24,113,212,41,136,4,249,162,103,231,61,29,167,199,52,3,92,157,35,93,128,184,149,207,145,246,66,236,177,227,210,114,185,72,46,91,133,84,119,195,186,161,245,229,170,171,182,200,45,234,65,19,89,214
158,28,128,212,186,90,61,170,103,205,169,200,250,214,78,113,182,60,101,149,24,236,92,52,57,106,45,146
106,250,72,133,205,160,182,249,79,200,149,232,58,229,144,113,77,15,172,170,119,61,93,10,60,146,214,169,154,28,227,51,178,92,91,161,128,82,103,29,158,90,186,207,130,177,136,7,210,121,80,4,194,236,78,199,240,184,167,57,75,140,22,41,84,3,234,26,185,145,202,52,45,101,19,65,24,46,201,195
7,103,80,200,160,61,210,158,177,60,57,82,194,15,193,101,62,171,170,246,232,29,231,35,93,19,229,240,184,4,114,140,214,162,52,178,172,41,136,72,145,28,185,236,3,199,51,227,154,78,92,84,195,133,233
193,114,91,61,19,233,199,26,3,66,169,171,164,246,27,201,45,236,185,149,57,173,229,4,80,158,232,240,35,24,7,82,249,136,145,29,52,101,119,154,170
200,62,140,93,92,10,149,28,177,160,233,26,79,72,185,17,51,182,164,113,58,103,158,157,172,162,133,169,194,61,231,205,229
114,60,80,62,199,24,146,205,177,93,91,246,61,249,7,232,234,185,240,227,101,207,173,158,214,57,142,78,245,52,200,65,22,212,89,12,160,79,130,144,171,170,51,119,15,10,82,229,46,149,145,164,161,169,157,113,90,75,236,202,136,184
17,103,27,250,77,46,79,133,142,58,78,28,193,114,19,185,184,186,3,199,173,128,66,75,161,90,82,45,202,80,57,201,249,10,210,7,205,60,62,149,195,144,160,200,15,169,61,231,41,172,29,245,178,4,146
185,145,75,205,128,194,214,66,231,103
92,145,77,182,22,82,4,62,65,172,75,91,164,27,201,154,80,52,212,106
58,201,121,17,185,245,170,114,171,246,186,214,52
60,79,66,161,145,199,82,184,58,52,167,162,114,169,103,3,93,128,186,84,149,164,24,28,26,194,177,35,207,144,193,77,27,61,185,92
214,4,46,80,160,65,149,84,184,128,103,182,90,140,92,93
184,101,35,229,51,91,77,182,114,3,89,58,17,136,60,121,7,130
101,227,250,229,164
84
27,52,58,15,26,119,29,90,161,201,128,205,78,186,194,246,92,114,177,101,106,185,210,167,145,77,162,61,164,169,229,91,173,45,4,250,79,113,233,72,136,142,140,62,121,234,17,154,80,178,199,227,28,200,195,170,236,240,231,172,3,10,149,82
249,41,119,10,214,62,177,149,157,12,121,60,229,19,15,133,171,158,26,130,101,93,184,240,185,78,182,161,106,29,234,77,46,195,136,212,162,91,164,194,114,193,61,35,90,173,51,7,4,202,169,245,113,82,75,233,172,167,160,103,45,92,199,79,24,144,207,210,142,146,170,84,200
136,145,119,4,72,240,200,207,24,194,65,92,58,46,172,167,77,17,27,90,3,60,80,178,22,28,10,205,212,106,75,15,62,199,210,52,78,89,177,91,133,157,185,101,201,113,7,249,154,245,128,93,236,114,66,173,233,84,142,171,184,195,234,130,51,160,26,162,61,146,232,202,140,193,214,35,182,45,231,79,57,41,227,229,19,149,144,186,169,12,82,103,161,121,164
35,19,80,3,250,169,233,133,46,93,57,195,157,240,29,170,130,249,177,161,160,184,207,62,245,172,66,194,171,10,4,7,58,201,212,61,234,60,12,246,128,227,78,154
245,133,12,193
65,160,193,184,178,84,3,205,12,89,186
146,136,3,66,65,29,162,233,160,114,17,186,170,171,177,210,158,106,249,149,178,245,184,236,130
92,84,142,72,186,184,103,91,79,182,178,22,15,41,161,62,145,29,195,90,119,114,19,77,144,93,210,158,245,234
167,79,234,231,194,89,169,170,157,249,178,77,207,72,245,22,57,210,205,136,15,184,84,90,161,24,3,93,195,82,60,214,182,51,149,201,29,229,113,28,62,7,160
229,93,7,113,149,158,233,24,121,52,41,130,28,51,84,200,79,77,185,58,236,157,103,167,57,19,22,161,169,27,162,227,45,160,101,145,128,114,250,186,140,90,202,205,60,106,231,195,172,12,210,15,61,91,173,232,10,249,62,170,164,142,199,75,78,136,26,82,144,154,214,201,240,17,66,72,29,3,184,4,234,246,245,146,46,119,182,133,171,65,178,207,194,35,177,193,80,89
250,91,195
193,27,172,7,82,162,231,246,200,113,182,167,195,101,133,144,201,184,130,51,60,22,12,164,157,106
167,185,177,164,3,66,72,65,92,26,106,205,199,245,186,160,75,170,35,162,154,60,193,91,207,229,200,250,184,121,4,103,240,144,146,236,227,84,142,22,172,178,210,93,133,136,77,51,157,27,201,62,145,130,140,231,182,194,58,171,41,119,7,52,24,149,78,61,28,82,12,10,89,128,233,29,101,173,249,19,161,80,45,114,169,195
62,51,72,161,12,178,233,194,185,91,142,157,103,17,4,92,171,182,169,236,41,128,65,154,46,93,200,45,249,58,80,229,113,7,232,15,146,199,106,210,212,201,19,202,195,145,162,82,75,167,240,27,28,158
164,167,193,28,101,52,145,51,212,12,201,41,62,17,26,78,172,103,89,75,61,77,121,249,202,231,169,27,7,205,10,154,79,234,46,171,4,113,232,229,130
184,17,79,90,45,89,236,173,93,249,214,140,130,28,149,52,26,77,154,121,7,58,46,92,234,171,193,160,169,177,182,245,22,250,24,232,240,4,136,231,161,84,119,145,133,157,195,178,72,51,10,170,212,144,201,78,80,65,113,128,142,15
133,93,245,185,28,164,128,41,10,62,114,82,199,172,65,84,161,4,160,144,66,22,35,15,231,194,140,26,178,210,61,106
233,62,177
182,184,249,130,17,92,45,229,4,93,121,89,61,157,201,12,79,167,162,140,142,236,128,24
212
130,12,45,72,201,28,186,46,114,4,234,233,140,207,210,35,167,10,3,103,173,22,229,142,149,90,65,91,178,169,93,79,158,89,121,185,161
128,144,249,160,24,17,62,65,231,61,146,194,234,130,27,51,205,106,45,245,167,119,142,22,186,113,75,79,60,26,212,250,3,10,92,232,91,229,236,182,82,173,195,202,162,28,101,210,15,233,78,185,52,227,177,201,66,178,57,145,29,214,4,12,207,149,103,161,158,35,172,7,41,171,157,164,184,154,133,114,80,72,89,19
164,3,130,77,66,193,79,202,22,93,113,170,232,233,7,103,182,24,84,229,157,114,28,172,240,200,184,169,186,249,65,194,227,212,245,62,142,185,72,140,214,106,91
128,195,193,60,80,178,246,79,158,113,173,29,160,114,22,184,77,130,15,145,142,236,250,91,41,92,82,12,245,17,121,106,161,194,10,136,207,19,172,199,90,249,46,205,66
113,12,19,29,26,199,214,201,144,169,103,136,212,90,231,27,128,10,57,41,236,7,133,234,89,170,250,62,46,195,207,140,200,158,60,154,185,22,232,28,178,172,167,58,121,202,3,149,17,35,173,72,162,4,61,51,24,177,246,186,210
249,72,194,149,246,236,172,103,245,250,167,144,145
79,178,142,246,146,90,75,113,72,41,212,22,78,114,227,24,184,136,167,106,57,214,199,186,236,4,58,121,80,232,169,233,84
162,45,91,178,173,236,133,10,171,119,27,245,227,186,72,65,15,185,114,41,172,61,233,130,58,232,195,46,28,167,146,113,149,202,246,231,26,90,19,210,3,7,144,164,29,82,24,170,62,157,35,193,128,57,80,60
58,79,145,119,114,15,199,52,185,193,60,89,229,72,201,236,200,171,93,78,57,184,113,194,75,202,195,234,101,146,154,12,26,144,172,61,91,169,66,205,142,77,214,173,186,177,227,29,121,45,82,245,140,133,90,182,35,19,233,10,84,240,246,7,232,28,170,51,167,92,41,162,157,27,210
91,27,185,103,193,19,249,93,80,113,58,173,229,82,233,57,210,89,160,169,45,22,4,195
24,250,128,182,66,10,212,140,119,61,15,195,142,214,79,249,157,41,144,114,62,113,19,91,232,199,90,154,149,194,12,178,82,186,229,106,130,22,184,207,200,75,245,103,177,29,89,3,46,171,233,77,45,65,236,205,167,57,172,121,93,158,246,161,185,26,173,210,162,17,169,51,4,84,164,145,101,146,227,60,72,231,136,58,160,52
41,101,140,66,240,60,133,46,162,113,171,7,207,234,250,51,84,78,119,144,184,75,233,193,93,3,172,195,167,92,57,170
136
240,246,170,158,61,75,22,194,15,52,193,113,27,207,46,212,231,171,185,195,62,173
171,77,186,212,157,161,15,207,35,52,12,233,84,205,146,172,250,229,82,46
78,178,29,57,170,171,210,82,27,52,66,119,7,194,157,22,233,185,246,232,249,162,140,161,207,145,10,201,149
145,144,29,149,22,170,202,201,26,154
103,227,194,178,41,195,27,173,236,128,72,92,77,91,250,161,205,57,101,19,121,177,58,133,246,233,46,80,232,84,130,51,149,249,231,144
114,62,79,146,232,24,92,27,133,77,186,154,229,52,171,82,167,80,89,15,72,173,113,161,119,200,75,145,103,142,195,233,46,66,207,57,202,121,194,245,10,51,249,60,210,7,201,144,22,170,19,58,41,227,178,90,193,185,164,231,65,130,91
57,17,130,140,144,173,114,4,12,199,146,250,229,231,240,233,26,89,214,201,90,29,15,45,82,205,194,136,128,145,41,154,202,249,52,28,234,51,121,133,227,27,210,195,35,101,171,46,162,212,106,207,246,84
93,146,121,160,184,170,41,45,212,231,52,142,113,234,79,22,15,82,101,61,140,178,80,214,246,78,72,90,3,195,169,35,4,249
46,27,35,119,250,41,249,28,29,17,246,201,128,72,214,194,103,229,19,22,193,91,240,90,231,52,10,133,200,236,24,160,92,93,205,158,121,210,58,26,3,195,169,106,207,171,84,185,173,164,15,7,80,82,144
66,199
162,46,193,250,79,90,10,186,29,26,199,172,52,92,128,140,133,27
164,93,232,158,227,199,46,19,24,246,161,75,182
51,78,79,119,12,234,157,106,35,62,146,136,182,178,46,250,171,89,45,91,75,194,229,205,130,199,58,15,27,133,161,184,10,195,140,7,154,144,246,19,245,236,61,77,169,65,84,57,202,164,193,17,101,3,201,4,167,249,232,158,121,200,170,240,128,103,207,214,93
229,121,7,19,51,62,154,202,146,41
121,145,214,212,65,167,182,177,205
113,214,210,194,52,27,170,114,51,250,130,103,17,201,160,45,167,146,29,157,158,184,140,41,145,128,80,185,62,202,101,19,229,136,144,195,162,84,90,205,58
61,133,250,51,89,130,19,24,169,207,22,45,232,29,119,170,136,113,62,214,7,142,106,240,128,103,200,27,75,72,58,172,60,231,17,171,154,4,66,140,182,93,249,236,121,201,164,157,199,146,233,184,185,229,162,12,149,90,26,46,91,114,161,79,28,84,15,158,101,10,57,193,227,3,177,77,210,212,144
236,149,133,41,162,72,186,157,145,28,201,12,229,3,194,75,200,52,212,140,173,172,62,205,106,249,136,60,89,7,210,233,171,240,103,19,58,93,10,113,164,27,130,91,51,15,154,22,46,80,65,232,45,29,79,158,77,214,250,184,66,227,144,231,121,170,82,207,161,4,177,26,92,114,128,195,119,182,169,17,142,178,202,101,185,84,90,35
57,246,169,66,232,24,234,72,212,29,15,185,80,140,78,41,164,227,236,26,202,167,193,200,52,184,51,162,82,65,145,186,133,12,61,106,214,161,114,130,229,77,101,113,45,46,177
121,12,236,231,145,114,4,142,60,154,201,233,167,27,119,58,178,103,89,164,82,212,199,79,133,202,80,245,52,136,15,194,10,77,232,149,19,75,101,173,205,45,35,91,72,210,26,140,172,90,249,169,113,17,240,171,84,250,184,57,65,185,195,61,51,227,200,130,62,3,92,177,246,41,160,146,207,46,128,158,229,186,144,193,106,162,22,29
92,61,146,66,199,57,158,91,214,80,185,3,58,234,24,93,231,35,114,41,249,60,65,52,207,10,130,26,169,240,22,101,4,7,250,193,154,236,195,232,62,172,15,144,170,210,246,178,79,82,200,121,136,177,160,75,227,106,19,186
72,26,7,201,250,10,28,84,234,199,194,82,164,186,57,90,193,91,167,77
46,158,171,66,52,26,119,51,202,170,57,72,169,205,91,92,78,154,144,212,200,161,60,186,194,193,229,10,249,227,12,234,35,27,79,29,45,250,195,65,162,207,173,93,103,178,142,121,236,77,15,19,185,157
158,93,231,72,234,164,29,114,154,245,229,41,232,89,171,195,212,113,172,173,136,57,160,194,82,144,4,46,77,233,12,61,227,149,10,205,26,142,28,236,19,201,17,207,121,15,75,240,128,79,146,145,66,101,177,202,78,103,58,169,22,92,27,214,119,161,182,80,178,210,7,45,246,200,250,65,249,167
201,246,60,186,233,24,170,46,172,200,58,17,202,82,41,145,167,89,182,162,154,10,245,199,173,45,28,234,92,128,236,250,164,149,133,160,22,227,157,229,101,177,136,232,113,106,146,214,90,121,130,240,207,65,61,194,26,144,158,72,169,7,51,3,91,93,84,178,77
22,149,10,84,133,3,199,186,17,93,45,101,232,57,160,171,26,142,103,164,177,72,240,29,161,75,185,27,167,130,46
184,65,146,145,232,17,79,212,167,227,158,240,133,82,164,200,171,46,62,60,161,236,136,160,177,207,19,233,4,119,128,80,77,201,78,24,22,140,113,205,157,199,170,114,66,144,186,45,3,185,214,15,231,61,27,194,29,172,234,52,101,195,26,41,178,121,162,51,28,92,154,93,245,193,182,149,12,84,169,229,57,91,210,10,90,130,173,103,35,72,75,106,7,89,249,58
103,146,90,164,77,167,92,113,199,41,79,160,93,27,10,250,157,3,145,210,130,45,15,24,154,114,177,161,28,91,245,185,4,46,193,234,158,17,75,214,173,178,133,249,58,101,106,162,78,51,84,57,195,212
161,60,240,78,114,245,79,66,22,162,93,4,80,3,229,51,17,90,149,28,45,177,234,167,199,24,119,89,210,145,232,128,160,84,58,35,169,133,121,130,173,236,250,72,182,158,77,12,15,92,227,41,154,157
15,10,186,77,65,24,233,27,205,193,158,66,57,214,46,145,229,136,236,207,93,130,17,119,113,22,245,103,144,72,28,19,227,157,12,4,90,194,60,172,7,84,200,146,62,212,29,89,202,184,167,92,234,250,173,201,3,75,249,41,149,140,79,182,171
144,41,171,240,199,146,178,52,202,214,170,103,27,78,77,162,51,113,207,91,154,128,169,3,58,46,75,114,65,161,227,167,61,101,164,172,205,89,7,229,24,140,57,210,79,15,173,250,92,136
106,160,27,15,186,90,205,158,231,207,101,4,28,162,164
227,231,45,24,58,167,233,210,90,205,178,41,193,26,114,121,172,106,171,145,240,158,140,195,194,75,78,154,170,202,229,173,52,101,169,214,199,177,60,29,184,89,250,51,201,27,17,82,62,249,162,4,186,164,113,246,12
114,28,113,24,182,145,57,170,140,78,201,157,58,12,66,185,77,212,3,160,250,79,233,35,193,205,146,121,184,158,199,41,236,62,227,4,60,29,210,167,65,164,130,101
121,173,250,157,103,172,41,62,75,161,231,15,3,91,246,245,200,17,26,10,140,145,233,160,195,46,35,229,79,61,65,210,162,194,214,114,144,207,158,82,24,234,80,142,170,52,51,119,57,169,232,201,133,89,101,7,78,154,149,130,45,22,90,146,164,178,93,113,177,27,72,171,240,12,182,167,205,212,60,227,58
250,101,10,173,164,84,28,46,24,186,212,12,3,178,149,145,249,35,52,19,66,185,232,246,195,62,227,75,58,231,106,184,15,193,72,60,27,45,161,205,61,80,41,128,103,245,146,167,240,202,114,57,210,154,172
26,89,82,158,58,140,62,201,72,177,214,79,146,149,194,15,210,212,182,164,41,171,236,66,240,24,45,142,113,103,3,84,162,161,160,157,121,234,145,193,7,205,119,227,169,173,61,75,202,46,65,249,57,186,170,167,245,92,4,29,12,229,91,133,35,10,17,114,78
10,3,172,82,186,182,66,233,4,12,234,19,229,202,133,72,46,173,160,144,195,169,194,245,250,140,205,178,60,79,130,113,91,249,146,154,51,7,106,164,78,114,62,157,193,214,207,128,170,52,90,15,17,77,145,201,232,227,89,236,75,84,93,200,24,45,149,103,101,161,184,158,162,41
160,246,128,205,202,26,130,103,145,22,78,154,250,27,172,182,4,66,193,201,92,195,184,245,161,29,119,185,93,178,60,149,229,51,162,114,3,164,121,77,57,207,167,15,61,142,24,214,146,46,10,177,89,232,200,79,236,17,82
170,113,249,62,12,133,140,24,91,79,90,27,229,194,35,232,101,193,199,171,177,158,128,3,15,210,157,82,227,250,182,240,7,52,233,130,231,119,169,89,162,4,245,77,29,92,172,46,149,236,207,66,202,121,144,184,201,161,45,57,103,154,146,84,214,185,234,160,65,114,22,28,78,142,80,178,72,195,60,136,173,19,106,246,93,26,58,10,164,145
41,142,4,58,103,149,28,51,184,186,202,89,133,35,249,119,77,114,45,234,214,173,200,79,75,158,12,52,178,93,154,172,201,66,199,130,61,136,22,60,91,62,10,3,205,195,84,177,182,140,121,19,101,161,170,57,229,17,232,78,113,29,185,145,27,171,212,15,82,144,236,194,128,106,7
78,144,158,195,103,246,57,178,201,19,210,149,121,45,227,106,46,199,136,28,236,51,26,169,84,234,232,177,146,205,161,231,128,7,35,92,113,145,91,17,93,249,207,52,60
62,77,229,240,210,61,51,7,250,46,82,41,93,45,22,142,169,185,72,57,157,212,199,184,121,207,75,145,106,19,214,149,160,89,130,101,162,92,27,193,136,3,194,26,236,146,78,10,172,28,227,66,205
162,170,60,77,193,12,200,182,57,10,3,62,146,212,185,7,66,101,51,195,130,245,154,19,92,90,103,84,93,210,214,236,114,106,240,171,22,140,46,246,250,52,113,149,161,17,232,72,136,231,65,142,229,79,201,227,169,164,178,75,184,172,128,89,144,45,41,15,177,145,24,35
214,233,202,227,10,157,46,78,12
177,249,149,194,250,22,17,162,79,10,114,66,205,142,57,51,15,80,106,171,78,178,72,233,229,60,154,234,145,201,169,7,89,45,93,245,136,119,212,24,29,113,91,164,62,240,173,246,61,128,41,27,184,167,160,231,82,236,161,121,3,144,186,210,103,90,182,193,157,12,195,199,65,158,170,28,146,185,77,214,227,46,200,101,130,84,140,75,19,4,35,92,232,202,133,207
65,80,182,195,119,61,7,144,250,84,142,29,167,121,185,171,3,66,4,172,93,234,114,200,106,154,12,149,130,201,236,46,22,58,92,184,157,17,90,72,101,227,140,57,82,28,133,78,232,60,193,45,41,19,233,246,177,35,158,15,113,214,89,136,79,178,245,212,145,160,240,199,162,229,27,103,170,207,52,77,231,186,161,24,210,26,146,51,75,164,91,62,205
160,4,101,169,182,61,144,15,128,164,113,45,149,57,236,171,82,249,133,167,142,212,232,177,60,26,240,62,178,46,210,214,121,136,195,80,89,41,35,194,22,205,162,207,172,202,145,28,92,161,201,170,93,7,199,106,10,12,65,114,19,78,173,24,75,245,17,58,90,227,66,231,184,103,200,186,79,77,185,27,140
113,45,130,172,231,142,167,158,240,177,186,199,58,35,29,78,60,93,90,200,169,89,245
142,170,7,233,26,41,232,240,45,182,66,172,10,178,121,130,72,58,78
205,171,58,240,65,170,26,182,72,161,80,172,231,28,158,214,82,27,19,236,60,173,178,3,17,62,29,12,184,210,119,66,229,15,22,79,140,185,84
157,142,232,227,164,133,72,19,162,233,210,173,234,27,93,4,29,130,7,167,154,184,65,91,60,146,89,161,17,75,114,207,61,77,250,35,24,12,82,106,236,194,66,101,144,22,212,28,186,205,58,121,195,62,240,158,80,46,119,103,79,3,229,200,172,246,171,170,26
160,93,199,177,29,193,58,15,45,27,17
177,171,91,227,77,214,45,245,17,57,162,170,58,84,52,75,250,149,12,114,41,205,22,62,160,78,146,195,119,101,10,201,193,172,144,26,167,169,207,82,233,246,29,199,164,200,157,154,28,173,89,145,3,182,184,27,15,186,65,130,19,121,128,229,210,133,142,61,234,72,90,24,185,178,202,51,236,103,80,249,231,113,194,240,161
146,207,77,45,236,24,92,130,214,79,142,250,173,170,240,186,182,227,72,195,245,172,17,10,229,144,133,41,91,27,46,171,160,149,184,15,82,164,90,35,75,121,234,202,193,162,57,65,62,231,249,101,51,28,3,113
160,15,207,119,158,3,214,177,51,205,114,240,61,185,121,58,164,7,62,29,4,233,77,27,229,193,231,106,92,249,146,80,145,173,210,201,136,65,35,140,52,202,142,200,75,184,66,157,93,57,199,227,79,46,236,22,232,162,195,78,72,101,186,113,45,128,28,154,17,161,10,103,19,170,26,90,234,178,194,91,149,133,171,144,167,250,172,82,84,245,212,41,130,24,169,182
250,79,35,93,12,207
240,170,246,57,146,91,10,89,12,78,46,133,169,101,232,227,75,119,184,15,93,160,41,28,231,61,186,51,58,80,157,65,199,212,19,140,249,162,214,233,84,205,207,114,201,154,236,35,24,229,4,62,22,136,103,27,17,172,121,210,185,167
210,194,149,161,61,46,90,182,52
90,80,62,12,160,89,66,92,249,77,158,121,52,24,144,101,28,75,170,91,195,173,79,93,142,114,236,130,240,113,78,172,167,207,45,4,154,133,184,46,231,82,61,72,162,205,234,103,169,227,15,17,149,10,27,136,22,212,233,171,65,35,177,214,185,106,84,3,246,57,186,194,229,182,200,157,29,60
90,164,58,171,154,24,178,233,249,210,184,182,46,212,245,78,199,52,142,145,60,172,89,103,12,41,177,194,146,101,167,28,161,186,26,205,133,29,246,80,229,75,7
61,162,91,144,161,146,232,170,52,121,160,136,90,28,65,103,157,24,200,75,236,233,207,184
51,154,35,113,249,57,3,79,200,10,233,214,144,193,72,128,172,60,171,169,93,240,207,146,245,164,140,62,82,19,185,199,170,78,195,24,45,106,22,77,210,133,130,202,177,186,27,52,231,66,41,103,236,84,15,184,160,157,232,167,91,46,201,194,158,61,7,178
106,164,113,66,144,194,121,169,17,250,41,185,162,65,154,205
171,78,130,200,246,184,231,24,75,4,114,185,249,144,140,89,236,19,186,84,58,205,79,193,214,61,164,66,170,146,103,245,119,158,51,60,65,233,177,72,172,167,194,15,145,62,7,91,210,106,160,234,27,199,162,178,207,149,10,82,136,128,169,250,35,182,133,121,202,201,41,57,3,17,229,93,101,28,173,195,157,212,26,45,46,113,227,90,240,22
233,91,3,161,29,15,128,199,41,136,60,178,28,72
91,57,12,158,149,140,167,214,66,29,121,133,15,82,184,28,233,199,22,246,4,113,101,232,234,185,78,207,62,172,45,201,154,169,10,128,61,186,144,52,142,3,162,41,114,171,7,79,164,195,80,27,194,65,227,212,182,24
177,52,79,89,207,113,41,92,29,200,149,171,246,121,103,173,114,231,202,240,144,167,58,26,194,51,212,130,229,164,184,201,162,15,80,227,205,234,78,93,82,236,146,106,214,232,22,61,157,90,182,3,60,84,101,250,133,28,178,145,186,160,65,245,27,142,154
121,169,172,65,184,45,236,75,114,61,194,249,185,22,103,15,232,79,66,52,229,106,182,246,162,167,80,3,101,10,62,158,130,149,77
210,182,46,161,119,233,249,57,144,60,45,52,130,84,79,162,7,154,93,29,145,184,167,10,80,106,177,62,26,205,27,75,12,41,214,22,89,201,15
46,195,128,210,113,3,136,144,80,167,79,84,10,214,114,82,35,140,162,146,58,65,19,232,185,45,240,231,101,250,75,158,205,121,7,194,52,173,154,89,4,207,249,91,178,24,26,15,130,171,164,92,169,184,227,106,28,51,61,149,77,66,193,202,157,93,236,177,246,12,233,212,133,17,90,186,60,41,172,199,161,200,142,182,57,160,62
234,93,149,157,172,164,133,207,7,72,91,167,77,89,144,61,57,52,145,62,233,162,232,26,128,161,142,113,130,146,28,205,178,90,58,22,236,245,78,103,35,229,65,169,82,185,75,195,17,199,136,41,194,193,106,27,186,177,154,160,214,231,212,60,173,15,84,246,114,121,4,170,45,250,227,46,158,19,12,3,92,200,80,202,182,240,24,249,79
93,84,28,60,214,172,46,170,229,51,121,57,207,7,205,62,182,162,202,4,80,75,146,101,195,199,178,29,236,15,91,78,92,245,119,201,65,194,52,145,193,35
182,185,232,119,46,240,51,136,194,77,178,103,169,177,114,144,58,149,84,157,17,113,193,250,89,128,160,7,167,201,202,29,26,214,41,27,60,75,146,231,93,245,3,172,24,80,158,210,233,173,212,121,90,161,234,72,133,65,66,154,61,171,186,162,82,184,10,57
249,205,66,193,28,232,113,7,77,92,15,26,154,51,29,214,82,90,79,103,164,130,45,236,91,101,41,245,210,19,160,145,4,240,186,3,72,46,169,227,27,133,65,202,146,58,121,199,61,140,149,195,178,144,57,233,24,35,246,201,84,136,172,114,17,185,119,106,142,250,171,234,207,170,182,22,10,128,167,184,173,75,60,231,229
66,92,3,17,77,232,233,133,229,19,207
185,84,113,167,4,128,157,62,184,80,79,60,249,158
29,171,121,229,28,169,140,207,24,133,214,201,160,101,172,234,177,142,246,200,195,12,106
133,167,171,60,45,246,82,172,103,186,72,51,140,91,26,193,200,46,17,182,119,65,66,194,178,234,79,249,93,128,236,149,19
231,26,60,84,66,182,149,65,75,240,46,157,146
7,82,90,210,3,201,101,52,4,62,119,157,84,233,58,57,75,200,205,160,66,60,195,245,93,202,45,79,240,170,41,193,22,113,167,15,78,161,207,227,130,29,144,121,171,140,128,77,177,35,164,28,154,185,142,232,186,80,236,145,72,178,61,214,199,51,10,229,65,17,103,149,212,234,250,12,169,246,249,194,136,26,24,92,182,184,106,91,172
234,10,173,89,229,3,245,35,202,240,199,144,169,106,170,250,92,146,249,205,154,119,232,136,246,65,113,194,90,161,133,78,26,160,157,128,84,214,193,171,114,227,15,77,82,212,207,149,231,58,79,167,91,185,4,57,200,51
103,26,232,234,178,82,142,249,35,236,10,28,113,101,195,136,250,51,149,65,205,75,186,72,233,4,121,90,130,182,194,106,61,41,62,229,184,29,24,12,78,140,245,240,3,200,185,52,170,119,128,160,171,92,79,7,161,133,60,93,66,210,246,164,145,158,157,77,173,114,214,172,58,154,202,193,17,167,162,207,27,19,89,84,201,199,212,91,146
160,130,79,28,17,113,82,58,185,136,7,52,19,231,232,146,240,91,106,184,61,193,24,15,75,3,233,202,78,207,26,245,12,170,205,172,35,114,177,164,89,162,90,103,72,149,210,167,186,84,77,80,29,214,194,199,145,182,178,169,119,101,10,212,246,250,60,93,142,249,140,227,66,46,22,51,171,128,62,65,234,144
186,103,82,52,144,245,3,84,136,194,121,185,62,145,234,130,91,65,92,101,199,229,119
164,29,231,121,89,65,82,246,145,41,80,250,169,245,51,200,229,66,214,128,12,62,57,103,52,142,186,35,185,24,61,154,140,144,199,236,161,130,249,91,92,106,133,205,172,72,202,210,17,60,10,157,46,84,75,201,234,193,177,28,167,162,212,194,113,184,119,27,233,93,101,171,146,77,90,26,227,114,15,158,78,195,45,3,7,232,170,182,136,240
173,41,245,158,60
171,207,24,45,10,90,200,170,27,130,28,121,52,79,75,114,77,66,184,178,57,202,136,91,212,65,164,182,103,12,89,245,144,229,154,185,210,61,41,58,146,7,169,158,149,199,4,46,194,72,101,250,240,186,205,80,177,236,82,78,195,145,113,193,133,62,160,233,234,51,246,172
24,167,91,214,169,62,158,92,128,144,142,119,202,195,27,160,113,72,162,172,84,89,210,35,106,161,207,227,154,93,232,236,146,193,229,212,173,77,145,3,114,171,79,78,101,46,12,19,66,45,10,249,231,178,26,7,240,61,200,194,140,28,205,15,186,250,149,103,177,130,4,234,82,60,57,164
4,106,177,84,27,35,92,162,233,46,24,61,205,207,93,160,77,101,232,72,199,170,210,212,140,164,26,246,10,178,17,161,60,57,91,173,145,82,144,202,22,240,128,15,12,62,200,78,136,7,185,214,90,130,149,45,142,186,234,250,229,195,171,194,167,227,245,157,193,184,19,52,133,28
249,205,27,245,26,22,80,162,236,214,154,172,227,60,57,185,19,72,177,121,144,65,84,186,92,79,17,75,35,232,3,58,229,173,145,171,89,119,52,199,114,231
72,24,17,77,210,184,162,75,205,80,51,136,90,4,185,65,26,7,101,22,114,52,103,45,46,19,245,154,121,246,236,214,78,169,41,35,229,66,233,171,140,62,177,240,3,170,167,79,173,145,178,157,160,58,57,128,133,207,28,27,82,15,234,93,161,144,201,130,164,195,10,92,250,182,212,199,227,142,91,149,106,249,194
233,29,101,200,60,93,185,82,19,227,35,27,172,77,162,65,51,17,161,214,57,78,133,145
142,154,185,149,15,184,240,140,130,58,66,119,161,210,4,62,144,182,193,7,229,200,178,114,24,75,169,164,84,233,57,28,195,146,202,26,160,246,79,61,80
140,162,15,58,29,28,119,80,91,7,41,169,22,45,164,201,62,214,75,172,79,171,130,114,200,236,240,136,194,72,161,52,245,17,144,193,186,158,146,128,77,51,167,227,66,84,24,65,249,232,93,210,57,10
130,65,101,12,200,72,93,57,210,10,90,160,195,144
82,79,154,145,10,160,72,194,29,78,231,178,177,121,90,12,57,200,17,46,119,41,201,202,65,232,158,62,149,52,22,245,161,173,144,3,207,142,103,193,106,210,45,233,58,240,35,199,101,162,84,60,172,246,4,184,93,114,77,80,186,249,146,7,24,214,164
172,65,19,229,61,173,91,195,250,22,231,193,113,207,52,84,240,3,167,66,15,24,92,41,171,185,140,121,78,227,194,89,128,178,142,60,232,233,184,57,28,245,62,186,114,12,133,160,236,246,90,45,170,164,162,149,80,101,27,199,103,214,200,58,202
27,58,4,3,22,79,232,61,145,193,178,10,113,101,80,249,89,136,182,250,144,164,227,114,45,170,121,240,142,78,51,133,15,62,161,90,119,195,171,207,29,199,194,24,169,233,167,205,236,46,201,106,72,140,103,173,66,245,17,19,28,160,26,172,130,200,84,185,157,82,91,184,60,202,7,162,92,149,154,246,93,212,231
246
19,227,91,17,24,22,199,101,171,119,77,210,142,57,12,29,169,245,173,157
186,140,194,246,12,146,46,233,205,82,250,57,27,182,154,171,4,103,229,58,41,128,249,160,167,62,7,193,158,173,133,60,245,29,240,169,89,200,214,3,149,231,195,161,172,45,119,184,72,170,178,10,236,185,79
161,82,106,19,10,194,234,52,66,119,92,103,167,57,35,236,26,182
195,231,164,233,45,250,91,84,229,184,17,160,167,177,75,77,60,205,3,169,212,140,182,46,28,234,80,12,7,106,170,82,58,232,194,79,128,92,172,249,114,113,90,240,133,145,162,210,10,24,200,178,154,245,72,101,66,136,57,119,19,4,26,214,103,51,193,236,227,89,201,173,202,121,157,142,149,22
91,45,145,185,3,7,12,212,35,233,146,169,201,58,202,29,186,26,119,79,60,133,140,103,164,121,231,22,199,210,92,113,66,207,214,17,167,193,72,101,172,161,195,65,51,160,232,170,240,80,246,93,78,236,4,27,89,171,84,114,250,173,144,106,245,41,61,19
193,12,232,201,93,92,178,29,154,199,72,149,202,186,194,80,184,172,57,233,82,146,15,90,229,62,161,205,240,207,24,103,66,106,200,79,114,210,60
106,22,142,199,167,66,10,3,65,130,146,162,177,169,46,201,60,172,79,229,29,210,24,195,231,61,80,173,205,194,91,28,45,58,84,51,26,114,7,200,193,227,184,62,232,92,27,78,128,77,160,35,17,212,90,214,41,57,133,185,101,249,182,202,164,121,207,4,250,89,240,93,15,19,12,245,236,52,170,171,72,119,154,161,186,113,157,144,158,136,246,103,75,234,145,140,149
91,89,65,84,207,184,66,157,178,142,182,51,12,245,35,170,101,233,144,78,212,61,46,136,24,119,93,199,202,172,29,90,113,236,160,62,146,75,22,79,26,19,106,28,140,201,250,114,194,4,246,27,77,7,231,149,72,240
250,60,164,119,113,249,35,45,27,52,158,65,106,157,142
24,93,10,22,162,66,7,78,167,186,61,58,114,29,52,161,249,233,173,245,75,51,60,27,72,140,28,164,201,170,19,199,207,144,106,45,26,119,177,103,184,57,160,92,149,229,200,79,80,77,41,194,12,234,210,128,84,250,205,65,90,62,3,193,212,46,171,15,227,89,17,232,158,4,185,236,172,178,182,113,195,121,133,35
79,234,157,114,246,205,89,45,17,178,80,160,136,101,28,121,200,78,7,195,142,52,227,173,232,212,202,92,250,35,65,128,19,119,231,103,22,12,210,84,194,93,72,177,4,91,214,145,229,249,199,60,62,164,146,46,172,162
22,79,234,119,160,35,199,136,101,250,3,93,92,245,202,57,171,29,205,246,162,66,214,194,169,170,167,184,207,17,232,144,173,172,51,177,91,12,77,113,142,84,90,82,45,193,146,249,103,227,19,28,201,24,62,72,26
200,82,113,178,170,27,79,162,84,10,245,167,145,185,164,26,214,233,154,24,199,114,46,58,65,90,227,195,92,161,202,246,130,52,103,210,149,169,77,173,15
146,4,172,178,91,51,184,45,35,145,212,128,227,62,19,250,246,89,106,29,210,161,144,249,79,162,80,136,229,84,167,245,236,72,103,60,66,170,28,140,24,3,199,61,90,169,15,142,133,65,52,205,119,57,202,201,26,232,234,78,101,93,231,12,207,194,195,113,182,160,177,92,214,17
250,236,7,26,22,90,160,113,227,92,167,182,101,232,184,75,27,246,194,170,119,58,60,72,51,146,164,24,15,35,19,157,231,158,65,79,93,3,186,212,29,41,200,121,195,205,202,201,45,57
232,172,195,184,142,227,161,229,52,128,60,133,167,249,121,234,4,246,61,146,58,89,51,45,103,202,22,185,92,171,186,26,29,35,205,201,140,41,106,200,62,178,114,79,182,207,27,157,19,236,154,15,193,113,158,136,28,119,82,170,46,162,169,12,149,7,210,90,78,10,101,144,245,177,17,233,3,130,160,84,24,199,80,194,72,250,93,65,231,214,91,212,66,145,75
113,103,207,173,194,231,157,61,106,101,128,195,149,167,75,35,26,146,57,80,202,12,41,133,233,250,15,84,28,51,92,45,91,178,82,184,249,246,144,182,62,142,121
200,114,82,4,249,45,164,75,121,84,201,79,229,93,210,185,227,234,89,46,12,72,182,145,199,7,157,172,113,58,62,184,161,24,80,136,146,133,28,35,60,162
207,41,101,142,158,3,51,195,106,78,66,172,24,146,229,29,240,205,202,214,61,133,177,46,52,79,246,136,212,201,119,65,113,103,171,28,77,10,72,193,19,144,145,167,161,128,236,199,178,130,7,200,15,27,232,245,12,210,157,91,250,60,35,84,121,249,160,75,170,114,82,182,173
80,15,182,22
240,140,84,121,249,65,103,234,52,229,89,130,162,79,93,177,182,136,61,60,164,26,45,172,19,173,144,113,57,232,82,114,160,15,72,66,149,29,145,185,62,78,201,10,171,58,80,22,35,28,101,170,157,128,90,142,17,146,169,250,91,46,202,194,161,167,4,158,133,231
72,22,27,236,10,201,172,77,161,157,171,121,62,158,35,231,194,205,250,75,229,101,82,184,195,114,207,91,46,245,15,232,140,136,52,4,185,26,65,210,119,29,145,130,79,227,202,28,144,186,17,60,146,160,214,233,106,90,173,167,200,169,249,66,19,246,3,89,51
91,89,84,26,164,79,52,145,229
210,133,12,169,89,202,172,227,92,231,157,61,234,201,27,171,66,114,103,77,161,82,4,113
65,229,250,84,144,154,136,66,114,61,106,199,205,193,233,77,7,79,27,60,200,210,29,167,170,232,46,236,194,140,78,15,185,227,24,158,93,161,89,113,4,22,90,103,75,19,149,202,130,10,195,92,62,207,172,57,41,58,157,101,51,133,72,26,178,240,171,35,201,245,121,45,128,119,186,182,12,234,28,173,169,91,160,164,146,142,3,231,52,214,246,162,184,82,80,17,177,212,249
227,29,177,140,41,62,91,72
